Ad Group,Keyword,Campaign,Criterion Type
sofas,sofas buy,SEM_Sofas,Exact
sofas,buy sofas,SEM_Sofas,Exact
sofas,sofas price,SEM_Sofas,Exact
sofas,price sofas,SEM_Sofas,Exact
sofas,sofas cost,SEM_Sofas,Exact
sofas,cost sofas,SEM_Sofas,Exact
sofas,sofas promo,SEM_Sofas,Exact
sofas,promo sofas,SEM_Sofas,Exact
sofas,sofas sale,SEM_Sofas,Exact
sofas,sale sofas,SEM_Sofas,Exact
sofas,sofas discount,SEM_Sofas,Exact
sofas,discount sofas,SEM_Sofas,Exact
convertible sofas,convertible sofas buy,SEM_Sofas,Exact
convertible sofas,buy convertible sofas,SEM_Sofas,Exact
convertible sofas,convertible sofas price,SEM_Sofas,Exact
convertible sofas,price convertible sofas,SEM_Sofas,Exact
convertible sofas,convertible sofas cost,SEM_Sofas,Exact
convertible sofas,cost convertible sofas,SEM_Sofas,Exact
convertible sofas,convertible sofas promo,SEM_Sofas,Exact
convertible sofas,promo convertible sofas,SEM_Sofas,Exact
convertible sofas,convertible sofas sale,SEM_Sofas,Exact
convertible sofas,sale convertible sofas,SEM_Sofas,Exact
convertible sofas,convertible sofas discount,SEM_Sofas,Exact
convertible sofas,discount convertible sofas,SEM_Sofas,Exact
love seats,love seats buy,SEM_Sofas,Exact
love seats,buy love seats,SEM_Sofas,Exact
love seats,love seats price,SEM_Sofas,Exact
love seats,price love seats,SEM_Sofas,Exact
love seats,love seats cost,SEM_Sofas,Exact
love seats,cost love seats,SEM_Sofas,Exact
love seats,love seats promo,SEM_Sofas,Exact
love seats,promo love seats,SEM_Sofas,Exact
love seats,love seats sale,SEM_Sofas,Exact
love seats,sale love seats,SEM_Sofas,Exact
love seats,love seats discount,SEM_Sofas,Exact
love seats,discount love seats,SEM_Sofas,Exact
recliners,recliners buy,SEM_Sofas,Exact
recliners,buy recliners,SEM_Sofas,Exact
recliners,recliners price,SEM_Sofas,Exact
recliners,price recliners,SEM_Sofas,Exact
recliners,recliners cost,SEM_Sofas,Exact
recliners,cost recliners,SEM_Sofas,Exact
recliners,recliners promo,SEM_Sofas,Exact
recliners,promo recliners,SEM_Sofas,Exact
recliners,recliners sale,SEM_Sofas,Exact
recliners,sale recliners,SEM_Sofas,Exact
recliners,recliners discount,SEM_Sofas,Exact
recliners,discount recliners,SEM_Sofas,Exact
sofa beds,sofa beds buy,SEM_Sofas,Exact
sofa beds,buy sofa beds,SEM_Sofas,Exact
sofa beds,sofa beds price,SEM_Sofas,Exact
sofa beds,price sofa beds,SEM_Sofas,Exact
sofa beds,sofa beds cost,SEM_Sofas,Exact
sofa beds,cost sofa beds,SEM_Sofas,Exact
sofa beds,sofa beds promo,SEM_Sofas,Exact
sofa beds,promo sofa beds,SEM_Sofas,Exact
sofa beds,sofa beds sale,SEM_Sofas,Exact
sofa beds,sale sofa beds,SEM_Sofas,Exact
sofa beds,sofa beds discount,SEM_Sofas,Exact
sofa beds,discount sofa beds,SEM_Sofas,Exact
sofas,sofas buy,SEM_Sofas,Phrase
sofas,buy sofas,SEM_Sofas,Phrase
sofas,sofas price,SEM_Sofas,Phrase
sofas,price sofas,SEM_Sofas,Phrase
sofas,sofas cost,SEM_Sofas,Phrase
sofas,cost sofas,SEM_Sofas,Phrase
sofas,sofas promo,SEM_Sofas,Phrase
sofas,promo sofas,SEM_Sofas,Phrase
sofas,sofas sale,SEM_Sofas,Phrase
sofas,sale sofas,SEM_Sofas,Phrase
sofas,sofas discount,SEM_Sofas,Phrase
sofas,discount sofas,SEM_Sofas,Phrase
convertible sofas,convertible sofas buy,SEM_Sofas,Phrase
convertible sofas,buy convertible sofas,SEM_Sofas,Phrase
convertible sofas,convertible sofas price,SEM_Sofas,Phrase
convertible sofas,price convertible sofas,SEM_Sofas,Phrase
convertible sofas,convertible sofas cost,SEM_Sofas,Phrase
convertible sofas,cost convertible sofas,SEM_Sofas,Phrase
convertible sofas,convertible sofas promo,SEM_Sofas,Phrase
convertible sofas,promo convertible sofas,SEM_Sofas,Phrase
convertible sofas,convertible sofas sale,SEM_Sofas,Phrase
convertible sofas,sale convertible sofas,SEM_Sofas,Phrase
convertible sofas,convertible sofas discount,SEM_Sofas,Phrase
convertible sofas,discount convertible sofas,SEM_Sofas,Phrase
love seats,love seats buy,SEM_Sofas,Phrase
love seats,buy love seats,SEM_Sofas,Phrase
love seats,love seats price,SEM_Sofas,Phrase
love seats,price love seats,SEM_Sofas,Phrase
love seats,love seats cost,SEM_Sofas,Phrase
love seats,cost love seats,SEM_Sofas,Phrase
love seats,love seats promo,SEM_Sofas,Phrase
love seats,promo love seats,SEM_Sofas,Phrase
love seats,love seats sale,SEM_Sofas,Phrase
love seats,sale love seats,SEM_Sofas,Phrase
love seats,love seats discount,SEM_Sofas,Phrase
love seats,discount love seats,SEM_Sofas,Phrase
recliners,recliners buy,SEM_Sofas,Phrase
recliners,buy recliners,SEM_Sofas,Phrase
recliners,recliners price,SEM_Sofas,Phrase
recliners,price recliners,SEM_Sofas,Phrase
recliners,recliners cost,SEM_Sofas,Phrase
recliners,cost recliners,SEM_Sofas,Phrase
recliners,recliners promo,SEM_Sofas,Phrase
recliners,promo recliners,SEM_Sofas,Phrase
recliners,recliners sale,SEM_Sofas,Phrase
recliners,sale recliners,SEM_Sofas,Phrase
recliners,recliners discount,SEM_Sofas,Phrase
recliners,discount recliners,SEM_Sofas,Phrase
sofa beds,sofa beds buy,SEM_Sofas,Phrase
sofa beds,buy sofa beds,SEM_Sofas,Phrase
sofa beds,sofa beds price,SEM_Sofas,Phrase
sofa beds,price sofa beds,SEM_Sofas,Phrase
sofa beds,sofa beds cost,SEM_Sofas,Phrase
sofa beds,cost sofa beds,SEM_Sofas,Phrase
sofa beds,sofa beds promo,SEM_Sofas,Phrase
sofa beds,promo sofa beds,SEM_Sofas,Phrase
sofa beds,sofa beds sale,SEM_Sofas,Phrase
sofa beds,sale sofa beds,SEM_Sofas,Phrase
sofa beds,sofa beds discount,SEM_Sofas,Phrase
sofa beds,discount sofa beds,SEM_Sofas,Phrase
